<?xml version="1.0" encoding="UTF-8"?>
<GenRun Id="synth_1" LaunchPart="xc7k70tfbv676-1" LaunchTime="1512711627">
  <File Type="RDS-PROPCONSTRS" Name="mips_single_cycle_drc_synth.rpt"/>
  <File Type="PA-TCL" Name="mips_single_cycle.tcl"/>
  <File Type="RDS-RDS" Name="mips_single_cycle.vds"/>
  <File Type="RDS-UTIL" Name="mips_single_cycle_utilization_synth.rpt"/>
  <File Type="RDS-UTIL-PB" Name="mips_single_cycle_utilization_synth.pb"/>
  <File Type="RDS-DCP" Name="mips_single_cycle.dcp"/>
  <File Type="VDS-TIMINGSUMMARY" Name="mips_single_cycle_timing_summary_synth.rpt"/>
  <File Type="VDS-TIMING-PB" Name="mips_single_cycle_timing_summary_synth.pb"/>
  <FileSet Name="sources" Type="DesignSrcs" RelSrcDir="$PSRCDIR/sources_1">
    <Filter Type="Srcs"/>
    <File Path="$PSRCDIR/sources_1/imports/design_sources/my_packages/ieee_2008/math_real.vhdl">
      <FileInfo>
        <Attr Name="ImportPath" Val="$PPRDIR/../design_sources/my_packages/ieee_2008/math_real.vhdl"/>
        <Attr Name="ImportTime" Val="1512676248"/>
        <Attr Name="UsedIn" Val="synthesis"/>
        <Attr Name="UsedIn" Val="simulation"/>
      </FileInfo>
    </File>
    <File Path="$PSRCDIR/sources_1/imports/design_sources/my_packages/my_package.vhd">
      <FileInfo>
        <Attr Name="ImportPath" Val="$PPRDIR/../design_sources/my_packages/my_package.vhd"/>
        <Attr Name="ImportTime" Val="1512676248"/>
        <Attr Name="UsedIn" Val="synthesis"/>
        <Attr Name="UsedIn" Val="simulation"/>
      </FileInfo>
    </File>
    <File Path="$PSRCDIR/sources_1/imports/design_sources/my_packages/ieee_2008/math_real-body.vhdl">
      <FileInfo>
        <Attr Name="ImportPath" Val="$PPRDIR/../design_sources/my_packages/ieee_2008/math_real-body.vhdl"/>
        <Attr Name="ImportTime" Val="1512676248"/>
        <Attr Name="UsedIn" Val="synthesis"/>
        <Attr Name="UsedIn" Val="simulation"/>
      </FileInfo>
    </File>
    <File Path="$PSRCDIR/sources_1/imports/design_sources/my_packages/my_package-body.vhd">
      <FileInfo>
        <Attr Name="ImportPath" Val="$PPRDIR/../design_sources/my_packages/my_package-body.vhd"/>
        <Attr Name="ImportTime" Val="1512676248"/>
        <Attr Name="UsedIn" Val="synthesis"/>
        <Attr Name="UsedIn" Val="simulation"/>
      </FileInfo>
    </File>
    <File Path="$PSRCDIR/sources_1/imports/design_sources/alu.vhd">
      <FileInfo>
        <Attr Name="ImportPath" Val="$PPRDIR/../design_sources/alu.vhd"/>
        <Attr Name="ImportTime" Val="1512707409"/>
        <Attr Name="UsedIn" Val="synthesis"/>
        <Attr Name="UsedIn" Val="simulation"/>
      </FileInfo>
    </File>
    <File Path="$PSRCDIR/sources_1/imports/design_sources/cu.vhd">
      <FileInfo>
        <Attr Name="ImportPath" Val="$PPRDIR/../design_sources/cu.vhd"/>
        <Attr Name="ImportTime" Val="1512710599"/>
        <Attr Name="UsedIn" Val="synthesis"/>
        <Attr Name="UsedIn" Val="simulation"/>
      </FileInfo>
    </File>
    <File Path="$PSRCDIR/sources_1/imports/design_sources/alu_Funct.vhd">
      <FileInfo>
        <Attr Name="ImportPath" Val="$PPRDIR/../design_sources/alu_Funct.vhd"/>
        <Attr Name="ImportTime" Val="1512709520"/>
        <Attr Name="UsedIn" Val="synthesis"/>
        <Attr Name="UsedIn" Val="simulation"/>
      </FileInfo>
    </File>
    <File Path="$PSRCDIR/sources_1/imports/design_sources/pc_register.vhd">
      <FileInfo>
        <Attr Name="ImportPath" Val="$PPRDIR/../design_sources/pc_register.vhd"/>
        <Attr Name="ImportTime" Val="1512707409"/>
        <Attr Name="UsedIn" Val="synthesis"/>
        <Attr Name="UsedIn" Val="simulation"/>
      </FileInfo>
    </File>
    <File Path="$PSRCDIR/sources_1/imports/design_sources/adder.vhd">
      <FileInfo>
        <Attr Name="ImportPath" Val="$PPRDIR/../design_sources/adder.vhd"/>
        <Attr Name="ImportTime" Val="1512709819"/>
        <Attr Name="UsedIn" Val="synthesis"/>
        <Attr Name="UsedIn" Val="simulation"/>
      </FileInfo>
    </File>
    <File Path="$PSRCDIR/sources_1/imports/design_sources/InstrMem.vhd">
      <FileInfo>
        <Attr Name="ImportPath" Val="$PPRDIR/../design_sources/InstrMem.vhd"/>
        <Attr Name="ImportTime" Val="1512710552"/>
        <Attr Name="UsedIn" Val="synthesis"/>
        <Attr Name="UsedIn" Val="simulation"/>
      </FileInfo>
    </File>
    <File Path="$PSRCDIR/sources_1/imports/design_sources/muxNum2.vhd">
      <FileInfo>
        <Attr Name="ImportPath" Val="$PPRDIR/../design_sources/muxNum2.vhd"/>
        <Attr Name="ImportTime" Val="1512710410"/>
        <Attr Name="UsedIn" Val="synthesis"/>
        <Attr Name="UsedIn" Val="simulation"/>
      </FileInfo>
    </File>
    <File Path="$PSRCDIR/sources_1/imports/design_sources/shiftNum1.vhd">
      <FileInfo>
        <Attr Name="ImportPath" Val="$PPRDIR/../design_sources/shiftNum1.vhd"/>
        <Attr Name="ImportTime" Val="1512709647"/>
        <Attr Name="UsedIn" Val="synthesis"/>
        <Attr Name="UsedIn" Val="simulation"/>
      </FileInfo>
    </File>
    <File Path="$PSRCDIR/sources_1/imports/design_sources/extendSign.vhd">
      <FileInfo>
        <Attr Name="ImportPath" Val="$PPRDIR/../design_sources/extendSign.vhd"/>
        <Attr Name="ImportTime" Val="1512710025"/>
        <Attr Name="UsedIn" Val="synthesis"/>
        <Attr Name="UsedIn" Val="simulation"/>
      </FileInfo>
    </File>
    <File Path="$PSRCDIR/sources_1/imports/design_sources/pcAdd.vhd">
      <FileInfo>
        <Attr Name="ImportPath" Val="$PPRDIR/../design_sources/pcAdd.vhd"/>
        <Attr Name="ImportTime" Val="1512709770"/>
        <Attr Name="UsedIn" Val="synthesis"/>
        <Attr Name="UsedIn" Val="simulation"/>
      </FileInfo>
    </File>
    <File Path="$PSRCDIR/sources_1/imports/design_sources/shiftNum2.vhd">
      <FileInfo>
        <Attr Name="ImportPath" Val="$PPRDIR/../design_sources/shiftNum2.vhd"/>
        <Attr Name="ImportTime" Val="1512709690"/>
        <Attr Name="UsedIn" Val="synthesis"/>
        <Attr Name="UsedIn" Val="simulation"/>
      </FileInfo>
    </File>
    <File Path="$PSRCDIR/sources_1/imports/design_sources/muxNum1.vhd">
      <FileInfo>
        <Attr Name="ImportPath" Val="$PPRDIR/../design_sources/muxNum1.vhd"/>
        <Attr Name="ImportTime" Val="1512710432"/>
        <Attr Name="UsedIn" Val="synthesis"/>
        <Attr Name="UsedIn" Val="simulation"/>
      </FileInfo>
    </File>
    <File Path="$PSRCDIR/sources_1/imports/design_sources/DataMem.vhd">
      <FileInfo>
        <Attr Name="ImportPath" Val="$PPRDIR/../design_sources/DataMem.vhd"/>
        <Attr Name="ImportTime" Val="1512709177"/>
        <Attr Name="UsedIn" Val="synthesis"/>
        <Attr Name="UsedIn" Val="simulation"/>
      </FileInfo>
    </File>
    <File Path="$PSRCDIR/sources_1/imports/design_sources/regfile.vhd">
      <FileInfo>
        <Attr Name="ImportPath" Val="$PPRDIR/../design_sources/regfile.vhd"/>
        <Attr Name="ImportTime" Val="1512707409"/>
        <Attr Name="UsedIn" Val="synthesis"/>
        <Attr Name="UsedIn" Val="simulation"/>
      </FileInfo>
    </File>
    <File Path="$PSRCDIR/sources_1/imports/design_sources/top_mips_single_cycle.vhd">
      <FileInfo>
        <Attr Name="ImportPath" Val="$PPRDIR/../design_sources/top_mips_single_cycle.vhd"/>
        <Attr Name="ImportTime" Val="1512709718"/>
        <Attr Name="UsedIn" Val="synthesis"/>
        <Attr Name="UsedIn" Val="simulation"/>
      </FileInfo>
    </File>
    <Config>
      <Option Name="DesignMode" Val="RTL"/>
      <Option Name="TopModule" Val="mips_single_cycle"/>
      <Option Name="TopAutoSet" Val="TRUE"/>
    </Config>
  </FileSet>
  <FileSet Name="constrs_in" Type="Constrs" RelSrcDir="$PSRCDIR/constrs_1">
    <Filter Type="Constrs"/>
    <Config>
      <Option Name="ConstrsType" Val="XDC"/>
    </Config>
  </FileSet>
  <Strategy Version="1" Minor="2">
    <StratHandle Name="Vivado Synthesis Defaults" Flow="Vivado Synthesis 2016">
      <Desc>Vivado Synthesis Defaults</Desc>
    </StratHandle>
    <Step Id="synth_design"/>
  </Strategy>
</GenRun>
